"cID","country","alpha2code","numCode","nameUK","nameFR","nameISO"
"ABW","Aruba","AW","533","Aruba","Aruba","ARUBA"
"AFG","Afghanistan","AF","004","Afghanistan","Afghanistan","AFGHANISTAN"
"AGO","Angola","AO","024","Angola","Angola","ANGOLA"
"AIA","Anguilla","AI","660","Anguilla","Anguilla","ANGUILLA"
"ALA","Aland Islands","AX","248","Aland Islands","Îles Åland","ÅLAND, ÎLES"
"ALB","Albania","AL","008","Albania","Albanie","ALBANIE"
"AND","Andorra","AD","020","Andorra","Andorre","ANDORRE"
"ARE","United Arab Emirates","AE","784","United Arab Emirates","Émirats arabes unis","ÉMIRATS ARABES UNIS"
"ARG","Argentina","AR","032","Argentina","Argentine","ARGENTINE"
"ARM","Armenia","AM","051","Armenia","Arménie","ARMÉNIE"
"ASM","American Samoa","AS","016","American Samoa","Samoa américaines","SAMOA AMÉRICAINES"
"ATA","Antarctica","AQ","010","Antarctica","Antarctique","ANTARCTIQUE"
"ATF","French Southern Territories","TF","260","French Southern Territories","Terres australes et antarctiques françaises","TERRES AUSTRALES FRANÇAISES"
"ATG","Antigua and Barbuda","AG","028","Antigua and Barbuda","Antigua-et-Barbuda","ANTIGUA-ET-BARBUDA"
"AUS","Australia","AU","036","Australia","Australie","AUSTRALIE"
"AUT","Austria","AT","040","Austria","Autriche","AUTRICHE"
"AZE","Azerbaijan","AZ","031","Azerbaijan","Azerbaïdjan","AZERBAÏDJAN"
"BDI","Burundi","BI","108","Burundi","Burundi","BURUNDI"
"BEL","Belgium","BE","056","Belgium","Belgique","BELGIQUE"
"BEN","Benin","BJ","204","Benin","Bénin","BÉNIN"
"BES","Bonaire, Sint Eustatius and Saba","BQ","535","Bonaire, Sint Eustatius and Saba","Pays-Bas caribéens","BONAIRE, SAINT-EUSTACHE ET SABA"
"BFA","Burkina Faso","BF","854","Burkina Faso","Burkina Faso","BURKINA FASO"
"BGD","Bangladesh","BD","050","Bangladesh","Bangladesh","BANGLADESH"
"BGR","Bulgaria","BG","100","Bulgaria","Bulgarie","BULGARIE"
"BHR","Bahrain","BH","048","Bahrain","Bahreïn","BAHREÏN"
"BHS","Bahamas","BS","044","Bahamas","Bahamas","BAHAMAS"
"BIH","Bosnia and Herzegovina","BA","070","Bosnia and Herzegovina","Bosnie-Herzégovine","BOSNIE-HERZÉGOVINE"
"BLM","Saint Barthelemy","BL","652","Saint Barthelemy","Saint-Barthélemy","SAINT-BARTHÉLEMY"
"BLR","Belarus","BY","112","Belarus","Biélorussie","BÉLARUS"
"BLZ","Belize","BZ","084","Belize","Belize","BELIZE"
"BMU","Bermuda","BM","060","Bermuda","Bermudes","BERMUDES"
"BOL","Bolivia","BO","068","Bolivia, Plurinational State of","Bolivie","BOLIVIE, ÉTAT PLURINATIONAL DE"
"BRA","Brazil","BR","076","Brazil","Brésil","BRÉSIL"
"BRB","Barbados","BB","052","Barbados","Barbade","BARBADE"
"BRN","Brunei Darussalam","BN","096","Brunei Darussalam","Brunei","BRUNÉI DARUSSALAM"
"BTN","Bhutan","BT","064","Bhutan","Bhoutan","BHOUTAN"
"BVT","Bouvet Island","BV","074","Bouvet Island","Île Bouvet","BOUVET, ÎLE"
"BWA","Botswana","BW","072","Botswana","Botswana","BOTSWANA"
"CAF","Central African Republic","CF","140","Central African Republic","République centrafricaine","CENTRAFRICAINE, RÉPUBLIQUE"
"CAN","Canada","CA","124","Canada","Canada","CANADA"
"CCK","Cocos (Keeling) Islands","CC","166","Cocos (Keeling) Islands","Îles Cocos","COCOS (KEELING), ÎLES"
"CHE","Switzerland","CH","756","Switzerland","Suisse","SUISSE"
"CHL","Chile","CL","152","Chile","Chili","CHILI"
"CHN","China","CN","156","China","Chine","CHINE"
"CIV","Cote d'Ivoire","CI","384","Cote d'Ivoire","Côte d'Ivoire","CÔTE D’IVOIRE"
"CMR","Cameroon","CM","120","Cameroon","Cameroun","CAMEROUN"
"COD","Congo, the Democratic Republic of the","CD","180","Congo, the Democratic Republic of the","République démocratique du Congo","CONGO, LA RÉPUBLIQUE DÉMOCRATIQUE DU"
"COG","Congo","CG","178","Congo","République du Congo","CONGO"
"COK","Cook Islands","CK","184","Cook Islands","Îles Cook","COOK, ÎLES"
"COL","Colombia","CO","170","Colombia","Colombie","COLOMBIE"
"COM","Comoros","KM","174","Comoros","Comores (pays)","COMORES"
"CPV","Cabo Verde","CV","132","Cabo Verde","Cap-Vert","CABO VERDE"
"CRI","Costa Rica","CR","188","Costa Rica","Costa Rica","COSTA RICA"
"CUB","Cuba","CU","192","Cuba","Cuba","CUBA"
"CUW","Curacao","CW","531","Curacao","Curaçao","CURAÇAO"
"CXR","Christmas Island","CX","162","Christmas Island","Île Christmas","CHRISTMAS, ÎLE"
"CYM","Cayman Islands","KY","136","Cayman Islands","Îles Caïmans","CAÏMANES, ÎLES"
"CYP","Cyprus","CY","196","Cyprus","Chypre (pays)","CHYPRE"
"CZE","Czech Republic","CZ","203","Czech Republic","République tchèque","TCHÈQUE, RÉPUBLIQUE"
"DEU","Germany","DE","276","Germany","Allemagne","ALLEMAGNE"
"DJI","Djibouti","DJ","262","Djibouti","Djibouti","DJIBOUTI"
"DMA","Dominica","DM","212","Dominica","Dominique","DOMINIQUE"
"DNK","Denmark","DK","208","Denmark","Danemark","DANEMARK"
"DOM","Dominican Republic","DO","214","Dominican Republic","République dominicaine","DOMINICAINE, RÉPUBLIQUE"
"DZA","Algeria","DZ","012","Algeria","Algérie","ALGÉRIE"
"ECU","Ecuador","EC","218","Ecuador","Équateur (pays)","ÉQUATEUR"
"EGY","Egypt","EG","818","Egypt","Égypte","ÉGYPTE"
"ERI","Eritrea","ER","232","Eritrea","Érythrée","ÉRYTHRÉE"
"ESH","Western Sahara","EH","732","Western Sahara","République arabe sahraouie démocratique","SAHARA OCCIDENTAL"
"ESP","Spain","ES","724","Spain","Espagne","ESPAGNE"
"EST","Estonia","EE","233","Estonia","Estonie","ESTONIE"
"ETH","Ethiopia","ET","231","Ethiopia","Éthiopie","ÉTHIOPIE"
"FIN","Finland","FI","246","Finland","Finlande","FINLANDE"
"FJI","Fiji","FJ","242","Fiji","Fidji","FIDJI"
"FLK","Falklands","FK","238","Falkland Islands (Malvinas)","Malouines","FALKLAND, ÎLES (MALVINAS)"
"FRA","France","FR","250","France","France","FRANCE"
"FRO","Faroe Islands","FO","234","Faroe Islands","Îles Féroé","FÉROÉ, ÎLES"
"FSM","Micronesia","FM","583","Micronesia, Federated States of","Micronésie (pays)","MICRONÉSIE, ÉTATS FÉDÉRÉS DE"
"GAB","Gabon","GA","266","Gabon","Gabon","GABON"
"GBR","United Kingdom","GB","826","United Kingdom","Royaume-Uni","ROYAUME-UNI"
"GEO","Georgia","GE","268","Georgia","Géorgie (pays)","GÉORGIE"
"GGY","Guernsey","GG","831","Guernsey","Guernesey","GUERNESEY"
"GHA","Ghana","GH","288","Ghana","Ghana","GHANA"
"GIB","Gibraltar","GI","292","Gibraltar","Gibraltar","GIBRALTAR"
"GIN","Guinea","GN","324","Guinea","Guinée","GUINÉE"
"GLP","Guadeloupe","GP","312","Guadeloupe","Guadeloupe","GUADELOUPE"
"GMB","Gambia","GM","270","Gambia","Gambie","GAMBIE"
"GNB","Guinea-Bissau","GW","624","Guinea-Bissau","Guinée-Bissau","GUINÉE-BISSAU"
"GNQ","Equatorial Guinea","GQ","226","Equatorial Guinea","Guinée équatoriale","GUINÉE ÉQUATORIALE"
"GRC","Greece","GR","300","Greece","Grèce","GRÈCE"
"GRD","Grenada","GD","308","Grenada","Grenade (pays)","GRENADE"
"GRL","Greenland","GL","304","Greenland","Groenland","GROENLAND"
"GTM","Guatemala","GT","320","Guatemala","Guatemala","GUATEMALA"
"GUF","French Guiana","GF","254","French Guiana","Guyane","GUYANE FRANÇAISE"
"GUM","Guam","GU","316","Guam","Guam","GUAM"
"GUY","Guyana","GY","328","Guyana","Guyana","GUYANA"
"HKG","Hong Kong","HK","344","Hong Kong","Hong Kong","HONG KONG"
"HMD","Heard Island and McDonald Islands","HM","334","Heard Island and McDonald Islands","Îles Heard-et-MacDonald","HEARD ET MACDONALD, ÎLES"
"HND","Honduras","HN","340","Honduras","Honduras","HONDURAS"
"HRV","Croatia","HR","191","Croatia","Croatie","CROATIE"
"HTI","Haiti","HT","332","Haiti","Haïti","HAÏTI"
"HUN","Hungary","HU","348","Hungary","Hongrie","HONGRIE"
"IDN","Indonesia","ID","360","Indonesia","Indonésie","INDONÉSIE"
"IMN","Isle of Man","IM","833","Isle of Man","Île de Man","ÎLE DE MAN"
"IND","India","IN","356","India","Inde","INDE"
"IOT","British Indian Ocean Territory","IO","086","British Indian Ocean Territory","Territoire britannique de l'océan Indien","OCÉAN INDIEN, TERRITOIRE BRITANNIQUE DE L'"
"IRL","Ireland","IE","372","Ireland","Irlande (pays)","IRLANDE"
"IRN","Iran","IR","364","Iran, Islamic Republic of","Iran","IRAN, RÉPUBLIQUE ISLAMIQUE D'"
"IRQ","Iraq","IQ","368","Iraq","Irak","IRAQ"
"ISL","Iceland","IS","352","Iceland","Islande","ISLANDE"
"ISR","Israel","IL","376","Israel","Israël","ISRAËL"
"ITA","Italy","IT","380","Italy","Italie","ITALIE"
"JAM","Jamaica","JM","388","Jamaica","Jamaïque","JAMAÏQUE"
"JEY","Jersey","JE","832","Jersey","Jersey","JERSEY"
"JOR","Jordan","JO","400","Jordan","Jordanie","JORDANIE"
"JPN","Japan","JP","392","Japan","Japon","JAPON"
"KAZ","Kazakhstan","KZ","398","Kazakhstan","Kazakhstan","KAZAKHSTAN"
"KEN","Kenya","KE","404","Kenya","Kenya","KENYA"
"KGZ","Kyrgyzstan","KG","417","Kyrgyzstan","Kirghizistan","KIRGHIZISTAN"
"KHM","Cambodia","KH","116","Cambodia","Cambodge","CAMBODGE"
"KIR","Kiribati","KI","296","Kiribati","Kiribati","KIRIBATI"
"KNA","Saint Kitts and Nevis","KN","659","Saint Kitts and Nevis","Saint-Christophe-et-Niévès","SAINT-KITTS-ET-NEVIS"
"KOR","South Korea","KR","410","Korea, Republic of","Corée du Sud","CORÉE, RÉPUBLIQUE DE"
"KWT","Kuwait","KW","414","Kuwait","Koweït","KOWEÏT"
"LAO","Laos","LA","418","Lao People's Democratic Republic","Laos","LAO, RÉPUBLIQUE DÉMOCRATIQUE POPULAIRE"
"LBN","Lebanon","LB","422","Lebanon","Liban","LIBAN"
"LBR","Liberia","LR","430","Liberia","Liberia","LIBÉRIA"
"LBY","Libya","LY","434","Libya","Libye","LIBYE"
"LCA","Saint Lucia","LC","662","Saint Lucia","Sainte-Lucie","SAINTE-LUCIE"
"LIE","Liechtenstein","LI","438","Liechtenstein","Liechtenstein","LIECHTENSTEIN"
"LKA","Sri Lanka","LK","144","Sri Lanka","Sri Lanka","SRI LANKA"
"LSO","Lesotho","LS","426","Lesotho","Lesotho","LESOTHO"
"LTU","Lithuania","LT","440","Lithuania","Lituanie","LITUANIE"
"LUX","Luxembourg","LU","442","Luxembourg","Luxembourg (pays)","LUXEMBOURG"
"LVA","Latvia","LV","428","Latvia","Lettonie","LETTONIE"
"MAC","Macao","MO","446","Macao","Macao","MACAO"
"MAF","Saint Martin (French part)","MF","663","Saint Martin (French part)","Saint-Martin","SAINT-MARTIN (PARTIE FRANÇAISE)"
"MAR","Morocco","MA","504","Morocco","Maroc","MAROC"
"MCO","Monaco","MC","492","Monaco","Monaco","MONACO"
"MDA","Moldova","MD","498","Moldova, Republic of","Moldavie","MOLDOVA"
"MDG","Madagascar","MG","450","Madagascar","Madagascar","MADAGASCAR"
"MDV","Maldives","MV","462","Maldives","Maldives","MALDIVES"
"MEX","Mexico","MX","484","Mexico","Mexique","MEXIQUE"
"MHL","Marshall Islands","MH","584","Marshall Islands","Îles Marshall (pays)","MARSHALL, ÎLES"
"MKD","Macedonia","MK","807","Macedonia, the former Yugoslav Republic of","Macédoine (pays)","MACÉDOINE, L'EX-RÉPUBLIQUE YOUGOSLAVE DE"
"MLI","Mali","ML","466","Mali","Mali","MALI"
"MLT","Malta","MT","470","Malta","Malte","MALTE"
"MMR","Myanmar","MM","104","Myanmar","Birmanie","MYANMAR"
"MNE","Montenegro","ME","499","Montenegro","Monténégro","MONTÉNÉGRO"
"MNG","Mongolia","MN","496","Mongolia","Mongolie","MONGOLIE"
"MNP","Northern Mariana Islands","MP","580","Northern Mariana Islands","Îles Mariannes du Nord","MARIANNES DU NORD, ÎLES"
"MOZ","Mozambique","MZ","508","Mozambique","Mozambique","MOZAMBIQUE"
"MRT","Mauritania","MR","478","Mauritania","Mauritanie","MAURITANIE"
"MSR","Montserrat","MS","500","Montserrat","Montserrat","MONTSERRAT"
"MTQ","Martinique","MQ","474","Martinique","Martinique","MARTINIQUE"
"MUS","Mauritius","MU","480","Mauritius","Maurice (pays)","MAURICE"
"MWI","Malawi","MW","454","Malawi","Malawi","MALAWI"
"MYS","Malaysia","MY","458","Malaysia","Malaisie","MALAISIE"
"MYT","Mayotte","YT","175","Mayotte","Mayotte","MAYOTTE"
"NAM","Namibia","NA","516","Namibia","Namibie","NAMIBIE"
"NCL","New Caledonia","NC","540","New Caledonia","Nouvelle-Calédonie","NOUVELLE-CALÉDONIE"
"NER","Niger","NE","562","Niger","Niger","NIGER"
"NFK","Norfolk Island","NF","574","Norfolk Island","Île Norfolk","NORFOLK, ÎLE"
"NGA","Nigeria","NG","566","Nigeria","Nigeria","NIGÉRIA"
"NIC","Nicaragua","NI","558","Nicaragua","Nicaragua","NICARAGUA"
"NIU","Niue","NU","570","Niue","Niue","NIUÉ"
"NLD","Netherlands","NL","528","Netherlands","Pays-Bas","PAYS-BAS"
"NOR","Norway","NO","578","Norway","Norvège","NORVÈGE"
"NPL","Nepal","NP","524","Nepal","Népal","NÉPAL"
"NRU","Nauru","NR","520","Nauru","Nauru","NAURU"
"NZL","New Zealand","NZ","554","New Zealand","Nouvelle-Zélande","NOUVELLE-ZÉLANDE"
"OMN","Oman","OM","512","Oman","Oman","OMAN"
"PAK","Pakistan","PK","586","Pakistan","Pakistan","PAKISTAN"
"PAN","Panama","PA","591","Panama","Panama","PANAMA"
"PCN","Pitcairn","PN","612","Pitcairn","Îles Pitcairn","PITCAIRN"
"PER","Peru","PE","604","Peru","Pérou","PÉROU"
"PHL","Philippines","PH","608","Philippines","Philippines","PHILIPPINES"
"PLW","Palau","PW","585","Palau","Palaos","PALAOS"
"PNG","Papua New Guinea","PG","598","Papua New Guinea","Papouasie-Nouvelle-Guinée","PAPOUASIE-NOUVELLE-GUINÉE"
"POL","Poland","PL","616","Poland","Pologne","POLOGNE"
"PRI","Puerto Rico","PR","630","Puerto Rico","Porto Rico","PORTO RICO"
"PRK","North Korea","KP","408","Korea, Democratic People's Republic of","Corée du Nord","CORÉE, RÉPUBLIQUE POPULAIRE DÉMOCRATIQUE DE"
"PRT","Portugal","PT","620","Portugal","Portugal","PORTUGAL"
"PRY","Paraguay","PY","600","Paraguay","Paraguay","PARAGUAY"
"PSE","Palestine","PS","275","Palestine, State of","Palestine","ÉTAT DE PALESTINE"
"PYF","French Polynesia","PF","258","French Polynesia","Polynésie française","POLYNÉSIE FRANÇAISE"
"QAT","Qatar","QA","634","Qatar","Qatar","QATAR"
"REU","Reunion","RE","638","Reunion","La Réunion","RÉUNION"
"ROU","Romania","RO","642","Romania","Roumanie","ROUMANIE"
"RUS","Russia","RU","643","Russian Federation","Russie","RUSSIE, FÉDÉRATION DE"
"RWA","Rwanda","RW","646","Rwanda","Rwanda","RWANDA"
"SAU","Saudi Arabia","SA","682","Saudi Arabia","Arabie saoudite","ARABIE SAOUDITE"
"SDN","Sudan","SD","729","Sudan","Soudan","SOUDAN"
"SEN","Senegal","SN","686","Senegal","Sénégal","‍SÉNÉGAL"
"SGP","Singapore","SG","702","Singapore","Singapour","SINGAPOUR"
"SGS","South Georgia and the South Sandwich Islands","GS","239","South Georgia and the South Sandwich Islands","Géorgie du Sud-et-les Îles Sandwich du Sud","GÉORGIE DU SUD ET LES ÎLES SANDWICH DU SUD"
"SHN","Saint Helena, Ascension and Tristan da Cunha","SH","654","Saint Helena, Ascension and Tristan da Cunha","Sainte-Hélène, Ascension et Tristan da Cunha","SAINTE-HÉLÈNE, ASCENSION ET TRISTAN DA CUNHA"
"SJM","Svalbard and Jan Mayen","SJ","744","Svalbard and Jan Mayen","Svalbard et ile Jan Mayen","SVALBARD ET ÎLE JAN MAYEN"
"SLB","Solomon Islands","SB","090","Solomon Islands","Salomon","SALOMON, ÎLES"
"SLE","Sierra Leone","SL","694","Sierra Leone","Sierra Leone","SIERRA LEONE"
"SLV","El Salvador","SV","222","El Salvador","Salvador","EL SALVADOR"
"SMR","San Marino","SM","674","San Marino","Saint-Marin","SAINT-MARIN"
"SOM","Somalia","SO","706","Somalia","Somalie","SOMALIE"
"SPM","Saint Pierre and Miquelon","PM","666","Saint Pierre and Miquelon","Saint-Pierre-et-Miquelon","SAINT-PIERRE-ET-MIQUELON"
"SRB","Serbia","RS","688","Serbia","Serbie","SERBIE"
"SSD","South Sudan","SS","728","South Sudan","Soudan du Sud","SOUDAN DU SUD"
"STP","Sao Tome and Principe","ST","678","Sao Tome and Principe","Sao Tomé-et-Principe","SAO TOMÉ-ET-PRINCIPE"
"SUR","Suriname","SR","740","Suriname","Suriname","SURINAME"
"SVK","Slovakia","SK","703","Slovakia","Slovaquie","SLOVAQUIE"
"SVN","Slovenia","SI","705","Slovenia","Slovénie","SLOVÉNIE"
"SWE","Sweden","SE","752","Sweden","Suède","SUÈDE"
"SWZ","Swaziland","SZ","748","Swaziland","Swaziland","SWAZILAND"
"SXM","Sint Maarten (Dutch part)","SX","534","Sint Maarten (Dutch part)","Sint Maarten","SAINT-MARTIN (PARTIE NÉERLANDAISE)"
"SYC","Seychelles","SC","690","Seychelles","Seychelles","SEYCHELLES"
"SYR","Syria","SY","760","Syrian Arab Republic","Syrie","SYRIENNE, RÉPUBLIQUE ARABE"
"TCA","Turks and Caicos Islands","TC","796","Turks and Caicos Islands","Îles Turques-et-Caïques","TURKS ET CAÏQUES, ÎLES"
"TCD","Chad","TD","148","Chad","Tchad","TCHAD"
"TGO","Togo","TG","768","Togo","Togo","TOGO"
"THA","Thailand","TH","764","Thailand","Thaïlande","THAÏLANDE"
"TJK","Tajikistan","TJ","762","Tajikistan","Tadjikistan","TADJIKISTAN"
"TKL","Tokelau","TK","772","Tokelau","Tokelau","TOKELAU"
"TKM","Turkmenistan","TM","795","Turkmenistan","Turkménistan","TURKMÉNISTAN"
"TLS","East Timor","TL","626","Timor-Leste","Timor oriental","TIMOR-LESTE"
"TON","Tonga","TO","776","Tonga","Tonga","TONGA"
"TTO","Trinidad and Tobago","TT","780","Trinidad and Tobago","Trinité-et-Tobago","TRINITÉ-ET-TOBAGO"
"TUN","Tunisia","TN","788","Tunisia","Tunisie","TUNISIE"
"TUR","Turkey","TR","792","Turkey","Turquie","TURQUIE"
"TUV","Tuvalu","TV","798","Tuvalu","Tuvalu","TUVALU"
"TWN","Taiwan","TW","158","Taiwan, Province of China","Taïwan / (République de Chine (Taïwan))","TAÏWAN, PROVINCE DE CHINE"
"TZA","Tanzania","TZ","834","Tanzania, United Republic of","Tanzanie","TANZANIE, RÉPUBLIQUE UNIE DE"
"UGA","Uganda","UG","800","Uganda","Ouganda","OUGANDA"
"UKR","Ukraine","UA","804","Ukraine","Ukraine","UKRAINE"
"UMI","United States Minor Outlying Islands","UM","581","United States Minor Outlying Islands","Îles mineures éloignées des États-Unis","ÎLES MINEURES ÉLOIGNÉES DES ÉTATS-UNIS"
"URY","Uruguay","UY","858","Uruguay","Uruguay","URUGUAY"
"USA","United States","US","840","United States","États-Unis","ÉTATS-UNIS"
"UZB","Uzbekistan","UZ","860","Uzbekistan","Ouzbékistan","OUZBÉKISTAN"
"VAT","Vatican City","VA","336","Holy See (Vatican City State)","Saint-Siège (État de la Cité du Vatican)","SAINT-SIÈGE (ÉTAT DE LA CITÉ DU VATICAN)"
"VCT","Saint Vincent and the Grenadines","VC","670","Saint Vincent and the Grenadines","Saint-Vincent-et-les Grenadines","SAINT-VINCENT-ET-LES-GRENADINES"
"VEN","Venezuela","VE","862","Venezuela, Bolivarian Republic of","Venezuela","VENEZUELA, RÉPUBLIQUE BOLIVARIENNE DU"
"VGB","Virgin Islands, British","VG","092","Virgin Islands, British","Îles Vierges britanniques","ÎLES VIERGES BRITANNIQUES"
"VIR","Virgin Islands, U.S.","VI","850","Virgin Islands, U.S.","Îles Vierges des États-Unis","ÎLES VIERGES DES ÉTATS-UNIS"
"VNM","Viet Nam","VN","704","Viet Nam","Viêt Nam","VIET NAM"
"VUT","Vanuatu","VU","548","Vanuatu","Vanuatu","VANUATU"
"WLF","Wallis and Futuna","WF","876","Wallis and Futuna","Wallis-et-Futuna","WALLIS-ET-FUTUNA"
"WSM","Samoa","WS","882","Samoa","Samoa","SAMOA"
"YEM","Yemen","YE","887","Yemen","Yémen","YÉMEN"
"ZAF","South Africa","ZA","710","South Africa","Afrique du Sud","AFRIQUE DU SUD"
"ZMB","Zambia","ZM","894","Zambia","Zambie","ZAMBIE"
"ZWE","Zimbabwe","ZW","716","Zimbabwe","Zimbabwe","ZIMBABWE"